Campaign,Ad Group,Headline 1,Headline 1 position,Headline 2,Headline 2 position,Headline 3,Headline 3 position,Headline 4,Headline 4 position,Headline 5,Headline 5 position,Headline 6,Headline 6 position,Headline 7,Headline 7 position,Headline 8,Headline 8 position,Headline 9,Headline 9 position,Headline 10,Headline 10 position,Headline 11,Headline 11 position,Headline 12,Headline 12 position,Headline 13,Headline 13 position,Headline 14,Headline 14 position,Headline 15,Headline 15 position,Description 1,Description 2,Description 3,Description 4,Path 1,Path 2,Final URL
Search - Core Local,Car Rental Hubli,Car Rental in Hubli,1,Rent a Car in Hubli,,Car Rental With Driver,,"Sedan, SUV & Tempo",,Trishika Car Rental Hubli,,"24/7 Cabs, Book in Minutes",,Clean AC Cars With Driver,,"From Rs 10/km, No Surge",,Call +91 82175 77849,,Transparent Per-KM Rates,,"5.0 Star, 58 Google Reviews",,Verified Local Drivers,,No Hidden Charges,,Instant WhatsApp Booking,,"Hubli, Dharwad & Outstation",,Book clean AC cars with professional drivers across Hubli-Dharwad. Call or WhatsApp now.,"Transparent per-km rates from Rs 10/km. No surge, no hidden charges. Available 24/7.","Airport, outstation and local trips. Rated 5.0 stars by 58 riders on Google. Book fast.","Call +91 82175 77849 for instant booking. Verified drivers, on-time pickups, fair fares.",Car-Rental,Hubli,https://trishikacarrentalhubli.in/
Search - Core Local,Taxi & Cab Hubli,Taxi Service in Hubli,1,Cab Service in Hubli,,Book a Cab in Hubli,,Local & Outstation Cabs,,Trishika Car Rental Hubli,,"24/7 Cabs, Book in Minutes",,Clean AC Cars With Driver,,"From Rs 10/km, No Surge",,Call +91 82175 77849,,Transparent Per-KM Rates,,"5.0 Star, 58 Google Reviews",,Verified Local Drivers,,No Hidden Charges,,Instant WhatsApp Booking,,"Hubli, Dharwad & Outstation",,Book clean AC cars with professional drivers across Hubli-Dharwad. Call or WhatsApp now.,"Transparent per-km rates from Rs 10/km. No surge, no hidden charges. Available 24/7.","Airport, outstation and local trips. Rated 5.0 stars by 58 riders on Google. Book fast.","Call +91 82175 77849 for instant booking. Verified drivers, on-time pickups, fair fares.",Taxi-Service,Hubli,https://trishikacarrentalhubli.in/
Search - Core Local,Travels Hubli,Hubli Car Travels,1,Trusted Hubli Travels,,Cars With Driver,,Local & Outstation Trips,,Trishika Car Rental Hubli,,"24/7 Cabs, Book in Minutes",,Clean AC Cars With Driver,,"From Rs 10/km, No Surge",,Call +91 82175 77849,,Transparent Per-KM Rates,,"5.0 Star, 58 Google Reviews",,Verified Local Drivers,,No Hidden Charges,,Instant WhatsApp Booking,,"Hubli, Dharwad & Outstation",,Book clean AC cars with professional drivers across Hubli-Dharwad. Call or WhatsApp now.,"Transparent per-km rates from Rs 10/km. No surge, no hidden charges. Available 24/7.","Airport, outstation and local trips. Rated 5.0 stars by 58 riders on Google. Book fast.","Call +91 82175 77849 for instant booking. Verified drivers, on-time pickups, fair fares.",Car-Travels,Hubli,https://trishikacarrentalhubli.in/
Search - Airport,Airport Taxi HBX,Hubli Airport Taxi HBX,1,Flight-Tracked Pickups,,Airport Drop From Rs 10/km,,Dharwad Airport Cabs,,Trishika Car Rental Hubli,,"24/7 Cabs, Book in Minutes",,Clean AC Cars With Driver,,"From Rs 10/km, No Surge",,Call +91 82175 77849,,Transparent Per-KM Rates,,"5.0 Star, 58 Google Reviews",,Verified Local Drivers,,No Hidden Charges,,Instant WhatsApp Booking,,"Hubli, Dharwad & Outstation",,"Pickup and drop for every flight at Hubli Airport HBX. Flight-tracked, driver waits free.","Our office is on Gokul Road, minutes from HBX. Fixed rates, no surge, 24/7 airport runs.","Book Hubli airport taxi on call or WhatsApp +91 82175 77849. On-time, clean AC cars.",Dharwad to Hubli Airport and outstation onward trips. Transparent per-km pricing.,Airport-Taxi,Hubli,https://trishikacarrentalhubli.in/services/airport-taxi-hubli/
Search - Outstation Routes,Route - Goa,Hubli to Goa Taxi,1,"160 km, 4.5 hrs, AC Cabs",,Round Trip & One-Way,,Via Anmod Ghat,,Trishika Car Rental Hubli,,"24/7 Cabs, Book in Minutes",,Clean AC Cars With Driver,,"From Rs 10/km, No Surge",,Call +91 82175 77849,,Transparent Per-KM Rates,,"5.0 Star, 58 Google Reviews",,Verified Local Drivers,,No Hidden Charges,,Instant WhatsApp Booking,,"Hubli, Dharwad & Outstation",,"Door-to-door cab from Hubli to Goa, about 160 km via Anmod Ghat. AC cars with driver.","2-day Sedan round trip from about Rs 7,800 + tolls. Innova & Tempo also available.",Book Hubli to Goa taxi on call or WhatsApp +91 82175 77849. One-way drops on request.,"Transparent per-km billing, driver batta stated upfront, tolls at actuals. No surprises.",Hubli-to-Goa,Cab,https://trishikacarrentalhubli.in/routes/hubli-to-goa-taxi/
Search - Outstation Routes,Route - Bangalore,Hubli to Bangalore Cab,1,420 km on NH-48,,One-Way Drops Available,,Doorstep to Doorstep,,Trishika Car Rental Hubli,,"24/7 Cabs, Book in Minutes",,Clean AC Cars With Driver,,"From Rs 10/km, No Surge",,Call +91 82175 77849,,Transparent Per-KM Rates,,"5.0 Star, 58 Google Reviews",,Verified Local Drivers,,No Hidden Charges,,Instant WhatsApp Booking,,"Hubli, Dharwad & Outstation",,"Comfortable AC cab from Hubli to Bengaluru, about 420 km on NH-48, roughly 7 hours.","One-way Sedan drop from about Rs 5,340 + tolls. No station queues, luggage door-to-door.",Book on call or WhatsApp +91 82175 77849. BLR airport pickups timed to your flight.,"Transparent per-km rates, verified highway drivers, on-time pickups. Both directions.",Hubli-Bangalore,Cab,https://trishikacarrentalhubli.in/routes/hubli-to-bangalore-taxi/
Search - Outstation Routes,Route - Dandeli,Hubli to Dandeli Cab,1,"75 km, 2 Hours",,Rafting Day Trips,,Groups by Tempo,,Trishika Car Rental Hubli,,"24/7 Cabs, Book in Minutes",,Clean AC Cars With Driver,,"From Rs 10/km, No Surge",,Call +91 82175 77849,,Transparent Per-KM Rates,,"5.0 Star, 58 Google Reviews",,Verified Local Drivers,,No Hidden Charges,,Instant WhatsApp Booking,,"Hubli, Dharwad & Outstation",,"Hubli to Dandeli cab, just 75 km via Kalghatgi. Day trips, resort drops, rafting groups.","Day trip by Sedan about Rs 3,900; the cab waits through your rafting slot. AC cars.",Book on call or WhatsApp +91 82175 77849. Tempo Traveller for groups of 12.,"Transparent per-km rates, forest-road drivers, honest billing. No hidden charges.",Hubli-Dandeli,Cab,https://trishikacarrentalhubli.in/routes/hubli-to-dandeli-taxi/
Search - Outstation Routes,Route - Gokarna,Hubli to Gokarna Cab,1,"150 km, Temple + Beach",,Day Trips Possible,,AC Cars With Driver,,Trishika Car Rental Hubli,,"24/7 Cabs, Book in Minutes",,Clean AC Cars With Driver,,"From Rs 10/km, No Surge",,Call +91 82175 77849,,Transparent Per-KM Rates,,"5.0 Star, 58 Google Reviews",,Verified Local Drivers,,No Hidden Charges,,Instant WhatsApp Booking,,"Hubli, Dharwad & Outstation",,"Hubli to Gokarna cab, about 150 km via Yellapur and Ankola, roughly 3.5 hours.","Temple darshan and Om Beach in a day, about Rs 3,900 by Sedan including batta.",Book on call or WhatsApp +91 82175 77849. Add Murudeshwar for a coastal double.,"Transparent per-km rates, ghat-experienced drivers, fair fares. No surge pricing.",Hubli-Gokarna,Cab,https://trishikacarrentalhubli.in/routes/hubli-to-gokarna-taxi/
Search - Outstation Routes,Route - Belgaum,Hubli to Belgaum Taxi,1,"100 km, 2 Hours",,Business & Medical Runs,,IXG Airport Drops,,Trishika Car Rental Hubli,,"24/7 Cabs, Book in Minutes",,Clean AC Cars With Driver,,"From Rs 10/km, No Surge",,Call +91 82175 77849,,Transparent Per-KM Rates,,"5.0 Star, 58 Google Reviews",,Verified Local Drivers,,No Hidden Charges,,Instant WhatsApp Booking,,"Hubli, Dharwad & Outstation",,"Hubli to Belgaum (Belagavi) taxi, about 100 km on NH-48 via Kittur, roughly 2 hours.","Same-day return about Rs 3,900 with the cab on standby through your work. AC cars.",Book on call or WhatsApp +91 82175 77849. KLE hospital and IXG airport runs.,"Transparent per-km rates, both directions, verified drivers. No hidden charges.",Hubli-Belgaum,Taxi,https://trishikacarrentalhubli.in/routes/hubli-to-belgaum-taxi/
Search - Vehicles,Tempo Traveller & Group,Tempo Traveller Hubli,1,12-17 Seater AC,,Rs 19/km + Driver,,Mini Bus 21-25 Seats,,Trishika Car Rental Hubli,,"24/7 Cabs, Book in Minutes",,Clean AC Cars With Driver,,"From Rs 10/km, No Surge",,Call +91 82175 77849,,Transparent Per-KM Rates,,"5.0 Star, 58 Google Reviews",,Verified Local Drivers,,No Hidden Charges,,Instant WhatsApp Booking,,"Hubli, Dharwad & Outstation",,"AC Tempo Traveller (12-17 seater) with driver for groups, weddings and tours from Hubli.","From Rs 19/km + batta. Mini Bus for 21-25 passengers. Goa, Dandeli, pilgrim trips.","Book on call or WhatsApp +91 82175 77849. One vehicle, whole group, one bill.","Transparent per-km rates, experienced drivers, honest billing. No hidden charges.",Tempo-Traveller,Hubli,https://trishikacarrentalhubli.in/vehicles/tempo-traveller-hubli/
